client_id,name,lastname,ID,email,phone
CL-00001,Erik,Leach,SIM-3244666X,patrickfowler@example.com,+15-159869748
CL-00002,Robert,Campbell,SIM-6098599B,johnsonanthony@example.org,+15-110390004
CL-00003,Paul,Dawson,SIM-Y1534066N,brianlowe@example.com,+15-167793211
CL-00004,Julia,Smith,SIM-2993433Y,gary55@example.com,+15-124907131
CL-00005,Douglas,Hanson,SIM-Z2516012L,jeffrey00@example.net,+15-188905480
CL-00006,James,Garcia,SIM-7139035L,stephaniejohnson@example.org,+15-112047115
CL-00007,Christy,Salazar,SIM-Z2814114H,joneskimberly@example.net,+15-184814424
CL-00008,Erica,Byrd,SIM-Y1803135G,jonesmelissa@example.net,+15-121722448
CL-00009,Michael,Perkins,SIM-Z2151573S,kwalsh@example.net,+15-142454422
CL-00010,Tammy,Jacobs,SIM-3572295G,christopher29@example.net,+15-110085843
CL-00011,Jill,Doyle,SIM-Z2779240N,sdavis@example.com,+15-100669193
CL-00012,Joshua,Cooke,SIM-X0828616H,davidtran@example.org,+15-145113312
CL-00013,Donna,White,SIM-X0203575W,eanderson@example.net,+15-168728719
CL-00014,Amanda,Haynes,SIM-Z2611353W,vevans@example.net,+15-173520925
CL-00015,Connor,Schmidt,SIM-9870908K,skinnervanessa@example.net,+15-110799624
CL-00016,Krista,Jackson,SIM-2046526D,jilljohnson@example.org,+15-151287448
CL-00017,Daniel,Hansen,SIM-3528796K,millerlisa@example.org,+15-193090970
CL-00018,Amanda,Sanchez,SIM-Z2980322M,elizabethdavis@example.org,+15-183127999
CL-00019,Lisa,Sanchez,SIM-1247561H,smithbrandon@example.net,+15-140964333
CL-00020,Jesse,Fletcher,SIM-Z2791496D,hinesmartin@example.org,+15-130053674
CL-00021,Joanne,Flores,SIM-8482870X,micheleschmidt@example.net,+15-103503756
CL-00022,Garrett,Marquez,SIM-5590276B,anthony66@example.com,+15-133738629
CL-00023,Cody,Camacho,SIM-3674944G,courtneyrodriguez@example.org,+15-119740964
CL-00024,David,Williams,SIM-5547031Y,onelson@example.org,+15-172156954
CL-00025,Lindsay,Wright,SIM-Z2392419M,herrerabarry@example.org,+15-104330837
CL-00026,Elizabeth,Atkins,SIM-2211913A,krystal71@example.net,+15-164045760
CL-00027,Adam,Hill,SIM-5519912G,wendy15@example.com,+15-126884954
CL-00028,Victoria,Rivera,SIM-9456864T,coreycortez@example.com,+15-150575288
CL-00029,Angela,Walker,SIM-5076203B,edwardcarr@example.net,+15-142308131
CL-00030,Gregg,Clark,SIM-Z2102669D,brandon61@example.org,+15-123141211
CL-00031,Jason,Salazar,SIM-X0379811N,pattonjohn@example.org,+15-149621393
CL-00032,Cindy,Mata,SIM-9391619Y,gclayton@example.com,+15-147085493
CL-00033,Yvette,Mann,SIM-4275676E,laurafoster@example.net,+15-136110167
CL-00034,David,Watkins,SIM-3241670G,michaela55@example.com,+15-199578268
CL-00035,Holly,Burgess,SIM-X0760869Y,coryspencer@example.org,+15-149834579
CL-00036,Molly,Anderson,SIM-3683354L,dustin82@example.org,+15-197269938
CL-00037,Regina,Murphy,SIM-2850270H,bradley84@example.org,+15-173840854
CL-00038,Gregory,Munoz,SIM-Z2325726N,liualexis@example.org,+15-133688899
CL-00039,Megan,Foster,SIM-1703003Z,davidgoodman@example.org,+15-177323856
CL-00040,Jason,Moore,SIM-1845574P,terriwebb@example.net,+15-169681474
CL-00041,Jared,Meyer,SIM-Y1563831S,clarkjorge@example.com,+15-171538763
CL-00042,Abigail,Hancock,SIM-Z2408458J,rbarber@example.org,+15-105866728
CL-00043,Christopher,Ewing,SIM-X0398164B,townsendjuan@example.net,+15-123218684
CL-00044,Pamela,Gonzalez,SIM-3239313Q,john38@example.org,+15-188247105
CL-00045,Olivia,Ramsey,SIM-Z2802458T,smcdonald@example.org,+15-136053540
CL-00046,Mike,White,SIM-Z2936640T,robert37@example.com,+15-166699979
CL-00047,Tracy,Henry,SIM-9490032W,schultzcrystal@example.net,+15-116966884
CL-00048,George,Harrington,SIM-Y1655086Y,mmartinez@example.net,+15-197350981
CL-00049,Lauren,Hernandez,SIM-2112293L,ghardin@example.net,+15-187679745
CL-00050,Desiree,Rice,SIM-Y1267330F,uperry@example.org,+15-143374969
